{
  "models": {
    "fwd_ret_30d": {
      "x": [
        0.0,
        0.05,
        0.1,
        0.15,
        0.45,
        0.46153846153846156,
        0.75
      ],
      "y": [
        0.0,
        0.2222222222222222,
        0.2682926829268293,
        0.3629103815439219,
        0.3629103815439219,
        0.38414634146341464,
        0.38414634146341464
      ]
    },
    "fwd_ret_90d": {
      "x": [
        0.0,
        0.13333333333333333,
        0.15,
        0.25,
        0.2777777777777778,
        0.29411764705882354,
        0.3,
        0.3125,
        0.35,
        0.35294117647058826,
        0.7,
        0.75,
        0.8
      ],
      "y": [
        0.24489795918367346,
        0.24489795918367346,
        0.2625482625482625,
        0.2625482625482625,
        0.2857142857142857,
        0.2857142857142857,
        0.29130434782608694,
        0.31343283582089554,
        0.31343283582089554,
        0.35247524752475246,
        0.35247524752475246,
        0.5384615384615384,
        0.5384615384615384
      ]
    },
    "fwd_ret_12m": {
      "x": [
        0.0,
        0.05,
        0.25,
        0.3,
        0.35,
        0.8
      ],
      "y": [
        0.10173697270471464,
        0.21188340807174888,
        0.21188340807174888,
        0.2903225806451613,
        0.30670926517571884,
        0.30670926517571884
      ]
    },
    "max_dd_90d": {
      "x": [
        0.0,
        0.05,
        0.3
      ],
      "y": [
        0.014840989399293287,
        0.09411764705882353,
        0.09411764705882353
      ]
    }
  },
  "cv_evaluation": {
    "fwd_ret_30d": {
      "label": "P(loss 30d)",
      "n_oos_pairs": 1336,
      "climatology": 0.3658682634730539,
      "brier_raw": 0.2508907185628743,
      "brier_calibrated": 0.23810361920865972,
      "brier_climatology": 0.23345440854817315,
      "skill_raw": -0.07468828763241442,
      "skill_calibrated": -0.019914854850672903,
      "ece_raw": 0.11107784431137727,
      "ece_calibrated": 0.025347630781247788,
      "sharpness_raw": 0.14193614213002695,
      "sharpness_calibrated": 0.056187715750873675
    },
    "fwd_ret_90d": {
      "label": "P(loss 90d)",
      "n_oos_pairs": 1336,
      "climatology": 0.3,
      "brier_raw": 0.2364184131736527,
      "brier_calibrated": 0.2335411234627987,
      "brier_climatology": 0.2205389221556886,
      "skill_raw": -0.072003122454521,
      "skill_calibrated": -0.05895649248676049,
      "ece_raw": 0.0973053892215569,
      "ece_calibrated": 0.11106943324833604,
      "sharpness_raw": 0.1597877537282783,
      "sharpness_calibrated": 0.10030673971344499
    },
    "fwd_ret_12m": {
      "label": "P(loss 12m)",
      "n_oos_pairs": 1336,
      "climatology": 0.2059880239520958,
      "brier_raw": 0.21091504491017965,
      "brier_calibrated": 0.21906794823077722,
      "brier_climatology": 0.1854758148373911,
      "skill_raw": -0.13715658882583392,
      "skill_calibrated": -0.18111328111881742,
      "ece_raw": 0.13873502994011974,
      "ece_calibrated": 0.17065702000936586,
      "sharpness_raw": 0.192194840361745,
      "sharpness_calibrated": 0.15551450300369246
    },
    "max_dd_90d": {
      "label": "P(>20% DD in 90d)",
      "n_oos_pairs": 1336,
      "climatology": 0.02694610778443114,
      "brier_raw": 0.03401197604790419,
      "brier_calibrated": 0.03304304337836758,
      "brier_climatology": 0.03259349564344365,
      "skill_raw": -0.043520352035203436,
      "skill_calibrated": -0.013792559713194041,
      "ece_raw": 0.03053892215568862,
      "ece_calibrated": 0.019766249702253037,
      "sharpness_raw": 0.05391965369386119,
      "sharpness_calibrated": 0.04451026794507083
    }
  },
  "fit_at": "2026-05-17T00:07:08.699976+00:00",
  "n_pairs": 6680,
  "fit_params": {
    "k": 20,
    "embargo_days": 90,
    "dedup_days": 30
  }
}