{
  "models": {
    "fwd_ret_30d": {
      "x": [
        0.0,
        0.05,
        0.1,
        0.15,
        0.45,
        0.46153846153846156,
        0.75
      ],
      "y": [
        0.0,
        0.2222222222222222,
        0.275,
        0.36069868995633186,
        0.36069868995633186,
        0.3825910931174089,
        0.3825910931174089
      ]
    },
    "fwd_ret_90d": {
      "x": [
        0.0,
        0.13333333333333333,
        0.15,
        0.25,
        0.2777777777777778,
        0.3,
        0.3076923076923077,
        0.35,
        0.35294117647058826,
        0.7,
        0.75,
        0.8
      ],
      "y": [
        0.24378109452736318,
        0.24378109452736318,
        0.2678227360308285,
        0.2678227360308285,
        0.28112449799196787,
        0.28112449799196787,
        0.3069306930693069,
        0.3069306930693069,
        0.3577075098814229,
        0.3577075098814229,
        0.5833333333333334,
        0.5833333333333334
      ]
    },
    "fwd_ret_12m": {
      "x": [
        0.0,
        0.05,
        0.25,
        0.3,
        0.35,
        0.8
      ],
      "y": [
        0.1037037037037037,
        0.20507166482910694,
        0.20507166482910694,
        0.2903225806451613,
        0.3111111111111111,
        0.3111111111111111
      ]
    },
    "max_dd_90d": {
      "x": [
        0.0,
        0.05,
        0.3
      ],
      "y": [
        0.014705882352941176,
        0.09195402298850575,
        0.09195402298850575
      ]
    }
  },
  "cv_evaluation": {
    "fwd_ret_30d": {
      "label": "P(loss 30d)",
      "n_oos_pairs": 1351,
      "climatology": 0.3641207815275311,
      "brier_raw": 0.25026276831976313,
      "brier_calibrated": 0.2375186861551264,
      "brier_climatology": 0.23316071517047088,
      "skill_raw": -0.07334877634419845,
      "skill_calibrated": -0.01869084584626224,
      "ece_raw": 0.11384159881569207,
      "ece_calibrated": 0.026381172941480423,
      "sharpness_raw": 0.14160203682750003,
      "sharpness_calibrated": 0.053715553353571185
    },
    "fwd_ret_90d": {
      "label": "P(loss 90d)",
      "n_oos_pairs": 1351,
      "climatology": 0.30076968620485495,
      "brier_raw": 0.2367301998519615,
      "brier_calibrated": 0.23411517293307163,
      "brier_climatology": 0.2211197379832151,
      "skill_raw": -0.07059732437785082,
      "skill_calibrated": -0.058771030883018716,
      "ece_raw": 0.0969282013323464,
      "ece_calibrated": 0.1116738943560711,
      "sharpness_raw": 0.15946891912129915,
      "sharpness_calibrated": 0.09957950428782944
    },
    "fwd_ret_12m": {
      "label": "P(loss 12m)",
      "n_oos_pairs": 1351,
      "climatology": 0.20367081113084665,
      "brier_raw": 0.2087860843819393,
      "brier_calibrated": 0.2167206838352513,
      "brier_climatology": 0.18405320771894695,
      "skill_raw": -0.13437894926971317,
      "skill_calibrated": -0.1774893060608227,
      "ece_raw": 0.13886010362694298,
      "ece_calibrated": 0.181545240712468,
      "sharpness_raw": 0.1910494786654014,
      "sharpness_calibrated": 0.15467147615212617
    },
    "max_dd_90d": {
      "label": "P(>20% DD in 90d)",
      "n_oos_pairs": 1351,
      "climatology": 0.02664298401420959,
      "brier_raw": 0.03363064396743153,
      "brier_calibrated": 0.03267440782748975,
      "brier_climatology": 0.03224362464360714,
      "skill_raw": -0.04301685493350371,
      "skill_calibrated": -0.013360259234007188,
      "ece_raw": 0.030125832716506293,
      "ece_calibrated": 0.01980322037000878,
      "sharpness_raw": 0.0535439839241081,
      "sharpness_calibrated": 0.043962169956931245
    }
  },
  "fit_at": "2026-07-01T23:04:52.636090+00:00",
  "n_pairs": 6756,
  "fit_params": {
    "k": 20,
    "embargo_days": 90,
    "dedup_days": 30
  }
}