{
  "models": {
    "fwd_ret_30d": {
      "x": [
        0.0,
        0.05,
        0.1,
        0.15,
        0.45,
        0.46153846153846156,
        0.75
      ],
      "y": [
        0.0,
        0.2222222222222222,
        0.2682926829268293,
        0.3632326820603908,
        0.3632326820603908,
        0.3825910931174089,
        0.3825910931174089
      ]
    },
    "fwd_ret_90d": {
      "x": [
        0.0,
        0.13333333333333333,
        0.15,
        0.25,
        0.2777777777777778,
        0.29411764705882354,
        0.3,
        0.3125,
        0.35,
        0.35294117647058826,
        0.7,
        0.75,
        0.8
      ],
      "y": [
        0.2474747474747475,
        0.2474747474747475,
        0.2606177606177606,
        0.2606177606177606,
        0.2857142857142857,
        0.2857142857142857,
        0.29130434782608694,
        0.31155778894472363,
        0.31155778894472363,
        0.35375494071146246,
        0.35375494071146246,
        0.5384615384615384,
        0.5384615384615384
      ]
    },
    "fwd_ret_12m": {
      "x": [
        0.0,
        0.05,
        0.25,
        0.3,
        0.35,
        0.8
      ],
      "y": [
        0.10173697270471464,
        0.2116461366181411,
        0.2116461366181411,
        0.27419354838709675,
        0.30990415335463256,
        0.30990415335463256
      ]
    },
    "max_dd_90d": {
      "x": [
        0.0,
        0.05,
        0.3
      ],
      "y": [
        0.014830508474576272,
        0.09411764705882353,
        0.09411764705882353
      ]
    }
  },
  "cv_evaluation": {
    "fwd_ret_30d": {
      "label": "P(loss 30d)",
      "n_oos_pairs": 1336,
      "climatology": 0.3656493117893477,
      "brier_raw": 0.25087761976047906,
      "brier_calibrated": 0.23811544883653274,
      "brier_climatology": 0.2334568164462804,
      "skill_raw": -0.07462109515318982,
      "skill_calibrated": -0.019955006930904018,
      "ece_raw": 0.11006736526946109,
      "ece_calibrated": 0.025226445028059496,
      "sharpness_raw": 0.14198878368281187,
      "sharpness_calibrated": 0.05624585699076748
    },
    "fwd_ret_90d": {
      "label": "P(loss 90d)",
      "n_oos_pairs": 1336,
      "climatology": 0.2998204667863555,
      "brier_raw": 0.2362911676646707,
      "brier_calibrated": 0.2334557848625001,
      "brier_climatology": 0.22054841482067827,
      "skill_raw": -0.07138003171227703,
      "skill_calibrated": -0.05852397557387312,
      "ece_raw": 0.09693113772455092,
      "ece_calibrated": 0.11041049540995262,
      "sharpness_raw": 0.15977304430831588,
      "sharpness_calibrated": 0.10085866435313656
    },
    "fwd_ret_12m": {
      "label": "P(loss 12m)",
      "n_oos_pairs": 1336,
      "climatology": 0.20586475164572113,
      "brier_raw": 0.21089258982035933,
      "brier_calibrated": 0.21891527046444753,
      "brier_climatology": 0.18548502009461648,
      "skill_raw": -0.136979092504518,
      "skill_calibrated": -0.1802315375806529,
      "ece_raw": 0.14015718562874252,
      "ece_calibrated": 0.17028210096988922,
      "sharpness_raw": 0.19217043988080534,
      "sharpness_calibrated": 0.15528011515849513
    },
    "max_dd_90d": {
      "label": "P(>20% DD in 90d)",
      "n_oos_pairs": 1336,
      "climatology": 0.026929982046678635,
      "brier_raw": 0.03400261976047904,
      "brier_calibrated": 0.03304310778106254,
      "brier_climatology": 0.03259371316641686,
      "skill_raw": -0.043226329779261,
      "skill_calibrated": -0.013787769817791728,
      "ece_raw": 0.030501497005988025,
      "ece_calibrated": 0.019774091834227275,
      "sharpness_raw": 0.05384821005684211,
      "sharpness_calibrated": 0.044512912041495774
    }
  },
  "fit_at": "2026-05-26T09:08:03.525660+00:00",
  "n_pairs": 6684,
  "fit_params": {
    "k": 20,
    "embargo_days": 90,
    "dedup_days": 30
  }
}