{
  "vix": {
    "mean": 19.452311983888308,
    "std": 7.758298906651727
  },
  "spx_ytd_pct": {
    "mean": 3.9577686275305646,
    "std": 10.788584197664106
  },
  "spx_dd_from_52w": {
    "mean": -5.7336733777946485,
    "std": 8.168559421247663
  },
  "macro_shock": {
    "mean": 0.011040664626147792,
    "std": 0.10449862224045849
  }
}