{
  "vix": {
    "mean": 19.440588885083194,
    "std": 7.776740377278421
  },
  "spx_ytd_pct": {
    "mean": 3.9734886687241184,
    "std": 10.816669172087783
  },
  "spx_dd_from_52w": {
    "mean": -5.757434551502156,
    "std": 8.189189564942199
  },
  "macro_shock": {
    "mean": 0.011117226197028068,
    "std": 0.10485630023113356
  }
}