{
  "vix": {
    "mean": 19.448676922766534,
    "std": 7.750782341654274
  },
  "spx_ytd_pct": {
    "mean": 3.968427793474716,
    "std": 10.779426676697721
  },
  "spx_dd_from_52w": {
    "mean": -5.725192135069977,
    "std": 8.161906175501878
  },
  "macro_shock": {
    "mean": 0.011016579406631763,
    "std": 0.10438583673292083
  }
}