{
  "vix": {
    "mean": 19.44983408240535,
    "std": 7.753565597287168
  },
  "spx_ytd_pct": {
    "mean": 3.965130848609503,
    "std": 10.782854320262746
  },
  "spx_dd_from_52w": {
    "mean": -5.727727170056388,
    "std": 8.164476373403785
  },
  "macro_shock": {
    "mean": 0.011024997271040279,
    "std": 0.10442527011611549
  }
}