{
  "vix": {
    "mean": 19.440755176208242,
    "std": 7.777152305411008
  },
  "spx_ytd_pct": {
    "mean": 3.9737853844793913,
    "std": 10.817227615611989
  },
  "spx_dd_from_52w": {
    "mean": -5.758017130972701,
    "std": 8.189452074892372
  },
  "macro_shock": {
    "mean": 0.011118450022016732,
    "std": 0.10486200730272202
  }
}