{
  "vix": {
    "mean": 19.451082944739724,
    "std": 7.7573257685983865
  },
  "spx_ytd_pct": {
    "mean": 3.9599258486360975,
    "std": 10.787473962316776
  },
  "spx_dd_from_52w": {
    "mean": -5.731793690314222,
    "std": 8.16787983558619
  },
  "macro_shock": {
    "mean": 0.011037045131679598,
    "std": 0.10448168111021916
  }
}