{
  "vix": {
    "mean": 19.44873786719035,
    "std": 7.751202934016924
  },
  "spx_ytd_pct": {
    "mean": 3.9680669841520757,
    "std": 10.77995930792467
  },
  "spx_dd_from_52w": {
    "mean": -5.725455019219561,
    "std": 8.16231257500084
  },
  "macro_shock": {
    "mean": 0.01101778117159376,
    "std": 0.10439146733886102
  }
}