{
  "vix": {
    "mean": 19.450034952726153,
    "std": 7.75553089515487
  },
  "spx_ytd_pct": {
    "mean": 3.9629307102193163,
    "std": 10.785341530492744
  },
  "spx_dd_from_52w": {
    "mean": -5.729397964080296,
    "std": 8.166343350977087
  },
  "macro_shock": {
    "mean": 0.011031017911751857,
    "std": 0.10445346419062133
  }
}