{
  "vix": {
    "mean": 19.448563641375394,
    "std": 7.750367212457274
  },
  "spx_ytd_pct": {
    "mean": 3.968783005772147,
    "std": 10.778892442914493
  },
  "spx_dd_from_52w": {
    "mean": -5.724934281764387,
    "std": 8.161498381324005
  },
  "macro_shock": {
    "mean": 0.011015377903806304,
    "std": 0.1043802070378308
  }
}