{
  "vix": {
    "mean": 19.44772896078337,
    "std": 7.749242929472066
  },
  "spx_ytd_pct": {
    "mean": 3.9704219874215076,
    "std": 10.777512247215126
  },
  "spx_dd_from_52w": {
    "mean": -5.723643901623322,
    "std": 8.16047737563347
  },
  "macro_shock": {
    "mean": 0.011011774967291757,
    "std": 0.104363323415207
  }
}