{
  "vix": {
    "mean": 19.448822698265364,
    "std": 7.752043989245984
  },
  "spx_ytd_pct": {
    "mean": 3.967331289016946,
    "std": 10.781020487005785
  },
  "spx_dd_from_52w": {
    "mean": -5.725993433456775,
    "std": 8.163121795957895
  },
  "macro_shock": {
    "mean": 0.011020185488270594,
    "std": 0.10440273128427434
  }
}