{
  "vix": {
    "mean": 19.449502295215325,
    "std": 7.753207445280141
  },
  "spx_ytd_pct": {
    "mean": 3.9657370690226568,
    "std": 10.782421922560566
  },
  "spx_dd_from_52w": {
    "mean": -5.727243185757211,
    "std": 8.16416218681323
  },
  "macro_shock": {
    "mean": 0.011023793931456013,
    "std": 0.10441963403991351
  }
}