{
  "vix": {
    "mean": 19.449059365879027,
    "std": 7.752433873433789
  },
  "spx_ytd_pct": {
    "mean": 3.9667867925493843,
    "std": 10.781482736278107
  },
  "spx_dd_from_52w": {
    "mean": -5.726421828619484,
    "std": 8.163464193632203
  },
  "macro_shock": {
    "mean": 0.011021388040157136,
    "std": 0.10440836462423896
  }
}