{
  "vix": {
    "mean": 19.450382140828395,
    "std": 7.754315760618879
  },
  "spx_ytd_pct": {
    "mean": 3.9639768328737617,
    "std": 10.7837406967393
  },
  "spx_dd_from_52w": {
    "mean": -5.728642440975215,
    "std": 8.165124131480804
  },
  "macro_shock": {
    "mean": 0.011027404738508571,
    "std": 0.1044365450064796
  }
}