{
  "vix": {
    "mean": 19.449867820281348,
    "std": 7.756346303638136
  },
  "spx_ytd_pct": {
    "mean": 3.9620882183200767,
    "std": 10.78636890322135
  },
  "spx_dd_from_52w": {
    "mean": -5.730032331381245,
    "std": 8.16712242865527
  },
  "macro_shock": {
    "mean": 0.011033428009613284,
    "std": 0.10446474821532242
  }
}