{
  "vix": {
    "mean": 19.440408682502767,
    "std": 7.779694129885187
  },
  "spx_ytd_pct": {
    "mean": 3.9762946788657314,
    "std": 10.820357394743029
  },
  "spx_dd_from_52w": {
    "mean": -5.760800201461663,
    "std": 8.1914370511685
  },
  "macro_shock": {
    "mean": 0.011125798634060366,
    "std": 0.10489626930910122
  }
}