{
  "vix": {
    "mean": 19.450188867702234,
    "std": 7.753914496531164
  },
  "spx_ytd_pct": {
    "mean": 3.964456145802651,
    "std": 10.783249563202398
  },
  "spx_dd_from_52w": {
    "mean": -5.7282728618973975,
    "std": 8.164754995567462
  },
  "macro_shock": {
    "mean": 0.011026200873362445,
    "std": 0.10443090710488874
  }
}