{
  "vix": {
    "mean": 19.451454647877178,
    "std": 7.757668203296766
  },
  "spx_ytd_pct": {
    "mean": 3.959177064646342,
    "std": 10.787825663494948
  },
  "spx_dd_from_52w": {
    "mean": -5.732420115854147,
    "std": 8.168106368964477
  },
  "macro_shock": {
    "mean": 0.011038251366120218,
    "std": 0.10448732723826466
  }
}