{
  "vix": {
    "mean": 19.44804056571284,
    "std": 7.749607984582949
  },
  "spx_ytd_pct": {
    "mean": 3.9698616456256053,
    "std": 10.777966269049363
  },
  "spx_dd_from_52w": {
    "mean": -5.724086672842371,
    "std": 8.160812138371687
  },
  "macro_shock": {
    "mean": 0.011012975684222005,
    "std": 0.10436895037921927
  }
}