{
  "vix": {
    "mean": 19.450310283757997,
    "std": 7.756654510637339
  },
  "spx_ytd_pct": {
    "mean": 3.9613648459214916,
    "std": 10.786736123841766
  },
  "spx_dd_from_52w": {
    "mean": -5.730621792218501,
    "std": 8.167373871801185
  },
  "macro_shock": {
    "mean": 0.011034633453512509,
    "std": 0.10447039159899509
  }
}