{
  "vix": {
    "mean": 19.45009284839807,
    "std": 7.755952519201025
  },
  "spx_ytd_pct": {
    "mean": 3.962491999537769,
    "std": 10.785848919494395
  },
  "spx_dd_from_52w": {
    "mean": -5.7297308950027785,
    "std": 8.166727250561657
  },
  "macro_shock": {
    "mean": 0.01103222282905516,
    "std": 0.1044591057459468
  }
}