{
  "vix": {
    "mean": 19.440743148897788,
    "std": 7.777580372115607
  },
  "spx_ytd_pct": {
    "mean": 3.9741721561335015,
    "std": 10.817760315034759
  },
  "spx_dd_from_52w": {
    "mean": -5.758511397258743,
    "std": 8.189767423421294
  },
  "macro_shock": {
    "mean": 0.011119674116481338,
    "std": 0.10486771530611863
  }
}