{
  "vix": {
    "mean": 19.45190622236106,
    "std": 7.75797193387574
  },
  "spx_ytd_pct": {
    "mean": 3.9584598308998746,
    "std": 10.788197099052491
  },
  "spx_dd_from_52w": {
    "mean": -5.733046678332653,
    "std": 8.16833289752326
  },
  "macro_shock": {
    "mean": 0.011039457864247459,
    "std": 0.10449297428159536
  }
}