{
  "vix": {
    "mean": 19.44939212368186,
    "std": 7.752791488902045
  },
  "spx_ytd_pct": {
    "mean": 3.966197956677532,
    "std": 10.78192373651153
  },
  "spx_dd_from_52w": {
    "mean": -5.726890171972683,
    "std": 8.163786565967081
  },
  "macro_shock": {
    "mean": 0.011022590854523628,
    "std": 0.10441399887603671
  }
}