{
  "vix": {
    "mean": 19.448827190636393,
    "std": 7.751621073984259
  },
  "spx_ytd_pct": {
    "mean": 3.967704934909422,
    "std": 10.780491660024992
  },
  "spx_dd_from_52w": {
    "mean": -5.72571900727821,
    "std": 8.16271872478871
  },
  "macro_shock": {
    "mean": 0.011018983198778092,
    "std": 0.10439709885589694
  }
}