{
  "vix": {
    "mean": 19.45008081555093,
    "std": 7.755108603622117
  },
  "spx_ytd_pct": {
    "mean": 3.963338944248116,
    "std": 10.784823288281027
  },
  "spx_dd_from_52w": {
    "mean": -5.729092487223255,
    "std": 8.16594970377868
  },
  "macro_shock": {
    "mean": 0.011029813257617123,
    "std": 0.10444782354909941
  }
}