{
  "vix": {
    "mean": 19.450383274439094,
    "std": 7.754739157482905
  },
  "spx_ytd_pct": {
    "mean": 3.963556578193277,
    "std": 10.784254499133478
  },
  "spx_dd_from_52w": {
    "mean": -5.728958778964596,
    "std": 8.165513831409168
  },
  "macro_shock": {
    "mean": 0.011028608866564753,
    "std": 0.10444218382113432
  }
}