{
  "vix": {
    "mean": 19.450680728558893,
    "std": 7.756997342173738
  },
  "spx_ytd_pct": {
    "mean": 3.960690113448239,
    "std": 10.787132314875006
  },
  "spx_dd_from_52w": {
    "mean": -5.7311674016679905,
    "std": 8.167653297403271
  },
  "macro_shock": {
    "mean": 0.01103583916083916,
    "std": 0.10447603589721165
  }
}