{
  "vix": {
    "mean": 19.448367505713144,
    "std": 7.749967320214868
  },
  "spx_ytd_pct": {
    "mean": 3.9692755347330393,
    "std": 10.778407829945365
  },
  "spx_dd_from_52w": {
    "mean": -5.724552655412158,
    "std": 8.16113513137941
  },
  "macro_shock": {
    "mean": 0.011014176663031625,
    "std": 0.10437457825334544
  }
}